target,x0,y0,x1,y1,x2,y2,x3,y3,x4,y4
0,-0.000899679958820343,0.004587411880493164,-0.003969945013523102,0.012285418808460236,-0.004747442901134491,0.013610951602458954,-0.004287458956241608,0.014754876494407654,-0.004608385264873505,-0.0075256600975990295
0,0.0,0.0,0.0,0.0,-0.0031294524669647217,-0.001269601285457611,-0.0012414976954460144,-0.004485398530960083,0.0012630298733711243,-0.005212679505348206
0,0.0,0.0,0.0,0.0,0.0,0.0,-0.00024184584617614746,-0.013239078223705292,0.0019136443734169006,-0.00842662900686264
0,0.0,0.0,0.0,0.0,0.0009228736162185669,-0.0009557530283927917,0.00037232041358947754,0.0014290809631347656,0.0033257752656936646,0.003304801881313324
0,0.0,0.0,0.0,0.0,0.003325723111629486,-0.003985650837421417,0.006270274519920349,-0.004268117249011993,0.006183698773384094,-0.023061595857143402
0,0.0,0.0,0.0,0.0,0.011035025119781494,0.0041974931955337524,0.010988369584083557,-0.00434393435716629,0.017897464334964752,-0.004023373126983643
0,0.0,0.0,0.0,0.0,0.0012426674365997314,0.0010633990168571472,-0.00647079199552536,0.0013640746474266052,0.00019560009241104126,-0.005018875002861023
0,0.0,0.0,0.0,0.0,-0.008460268378257751,1.2613832950592041e-05,-0.013287365436553955,-0.0016094595193862915,-0.0003512650728225708,0.002934403717517853
0,0.0,0.0,0.0,0.0,-0.01699528843164444,0.012340888381004333,-0.014369554817676544,0.0018163993954658508,-0.0038915425539016724,0.007833637297153473
0,0.0,0.0,0.0,0.0,0.0,0.0,-0.005625277757644653,0.012396663427352905,-0.002315610647201538,0.007026948034763336
0,-0.013126298785209656,0.0006107911467552185,-0.013254284858703613,-0.008998602628707886,-0.015996821224689484,0.0004967525601387024,-0.003595419228076935,0.0199652761220932,0.0046904683113098145,0.014428835362195969
0,0.0,0.0,0.0,0.0,-0.008270040154457092,-0.0033066943287849426,-0.0053198859095573425,-0.003609713166952133,0.00832676887512207,-0.0013495981693267822
0,0.0,0.0,0.0,0.0,-0.0182698592543602,0.011406604200601578,-0.022232964634895325,0.014616508036851883,-0.015468388795852661,0.017644774168729782
0,0.0,0.0,-0.016713209450244904,0.039304960519075394,-0.024346522986888885,0.054557185620069504,-0.025069423019886017,0.05250203236937523,-0.011381283402442932,0.04111596196889877
0,0.0,0.0,0.0,0.0,0.0,0.0,-0.008184142410755157,-0.004348602145910263,-0.0071645453572273254,-0.004056859761476517
0,0.0,0.0,0.0,0.0,0.0,0.0,-0.003668561577796936,0.0017556212842464447,-0.0014628097414970398,0.001831192523241043
0,0.0,0.0,0.0,0.0,0.0,0.0,-0.0050638169050216675,-0.005713973194360733,-0.0008882954716682434,0.005825981497764587
0,0.0,0.0,0.0,0.0,0.0,0.0,-0.005541957914829254,-0.011437393724918365,-0.004441484808921814,-0.0075823478400707245
0,0.0,0.0,0.0,0.0,-0.017283007502555847,-0.0015744753181934357,-0.02077590674161911,-0.015348415821790695,-0.014849357306957245,0.004078514873981476
0,0.0,0.0,0.0,0.0,0.0,0.0,-0.015132464468479156,0.004307463765144348,-0.023203879594802856,-0.01194240152835846
0,0.0,0.0,0.0,0.0,0.0,0.0,0.0,0.0,-0.004360787570476532,-0.005913037806749344
0,0.0,0.0,0.0,0.0,0.0,0.0,-7.599592208862305e-06,-0.0012859813868999481,0.00033035874366760254,0.004422638565301895
0,0.0,0.0,0.0,0.0,-0.007540032267570496,0.002439480274915695,-0.014753691852092743,-0.0037588365375995636,-0.01487315446138382,-0.0007543601095676422
0,0.0,0.0,0.0,0.0,-0.003466993570327759,-0.012479547411203384,6.784498691558838e-05,-0.0015487298369407654,0.014402329921722412,-0.008970595896244049
0,0.0,0.0,0.0,0.0,0.0,0.0,0.005148060619831085,0.0033396966755390167,-0.013693630695343018,-0.0002924017608165741
0,0.0,0.0,0.0,0.0,0.0,0.0,-0.00385497510433197,0.014325149357318878,-0.004422172904014587,0.009121973067522049
0,0.0,0.0,0.0,0.0,0.0,0.0,-0.008814044296741486,0.013835173100233078,-0.010867953300476074,0.017427168786525726
0,0.0,0.0,0.0,0.0,0.0,0.0,-0.0034591108560562134,0.01710241287946701,-0.008261360228061676,0.017124313861131668
0,0.0,0.0,0.0,0.0,0.0,0.0,-0.002661876380443573,0.012001115828752518,-0.007861919701099396,0.011918477714061737
0,0.0,0.0,0.0,0.0,-0.005393758416175842,-0.0038856789469718933,-0.003527440130710602,0.007970642298460007,-0.008937038481235504,0.0008181147277355194
0,0.0,0.0,0.0,0.0,0.0,0.0,0.007355965673923492,-0.005847111344337463,0.008970119059085846,-0.005769610404968262
0,0.0,0.0,0.0,0.0,0.0,0.0,0.0,0.0,-0.006174623966217041,0.009665321558713913
0,0.0,0.0,0.0,0.0,0.0016197040677070618,0.008742056787014008,0.000590205192565918,0.018007583916187286,-0.0022887438535690308,0.016519363969564438
0,0.0,0.0,0.0,0.0,-0.003119051456451416,-0.009799152612686157,-0.0011448264122009277,-0.00483475998044014,-0.00662337988615036,-0.012531224638223648
0,0.0,0.0,0.0,0.0,0.0,0.0,0.0,0.0,-0.005182802677154541,-0.000992950052022934
0,0.0,0.0,0.0,0.0,-0.0012416988611221313,-0.005329139530658722,-0.005485154688358307,0.0020972341299057007,-0.006833493709564209,-0.009302642196416855
0,0.0,0.0,0.0,0.0,0.0,0.0,-0.00029631704092025757,0.01448754221200943,-0.005802683532238007,0.004729568958282471
0,0.0,0.0,0.0,0.0,-0.005090348422527313,0.007228627800941467,-0.007393769919872284,-0.004579827189445496,0.01055050641298294,-0.01550888642668724
0,0.0,0.0,0.0,0.0,0.0,0.0,0.0024779662489891052,-0.007758297026157379,-0.00028668344020843506,-0.015337925404310226
0,0.0,0.0,0.0,0.0,0.0,0.0,-0.006557755172252655,0.010254591703414917,-0.007655709981918335,0.00915415957570076
0,0.0,0.0,0.0,0.0,-0.016514360904693604,0.004506029188632965,-0.022470340132713318,0.009541932493448257,-0.018775269389152527,0.01244298368692398
0,0.0,0.0,0.0,0.0,0.0,0.0,-0.014442086219787598,0.0013175532221794128,-0.019513852894306183,-0.010518133640289307
0,0.0,0.0,0.0,0.0,-0.007377989590167999,0.0034695081412792206,-0.022028937935829163,-0.00902748852968216,-0.014819242060184479,-0.0008842796087265015
0,0.0,0.0,0.0,0.0,-0.013834677636623383,0.0015548020601272583,-0.02604830265045166,-0.0019012205302715302,-0.01430319994688034,0.0015064775943756104
0,0.0,0.0,0.0,0.0,0.0,0.0,-0.017107665538787842,0.0026818066835403442,-0.022399388253688812,0.0007046014070510864
0,0.0,0.0,0.0,0.0,-0.017119906842708588,-0.0005240179598331451,-0.02300994098186493,0.0022816918790340424,-0.015423662960529327,-0.00043600425124168396
0,0.0,0.0,0.0,0.0,0.0,0.0,-0.007026068866252899,0.002919338643550873,-0.014364533126354218,0.006764005869626999
0,0.0,0.0,0.0,0.0,-0.0025947317481040955,-0.00937572866678238,-0.002158045768737793,-0.011559657752513885,0.0029937103390693665,-0.03962313011288643
0,0.0,0.0,0.0,0.0,-0.009719468653202057,0.005097314715385437,-0.018585599958896637,0.015084385871887207,-0.016000546514987946,0.01599559560418129
0,0.0,0.0,0.0,0.0,-0.010603867471218109,0.007704239338636398,-0.01621808111667633,0.003080572932958603,-0.01267685741186142,0.01648867502808571
0,0.0,0.0,0.0,0.0,0.0,0.0,-0.0062817856669425964,0.0010118670761585236,-0.0075080543756484985,0.010418374091386795
0,0.0,0.0,0.0,0.0,-0.010783784091472626,0.021322347223758698,-0.009686820209026337,0.010734423995018005,0.0008435025811195374,0.007582526654005051
0,0.0,0.0,0.0,0.0,0.0,0.0,0.0016539841890335083,0.007385212928056717,0.005161300301551819,0.004081446677446365
0,0.0,0.0,0.0,0.0,-0.003708943724632263,-0.024533364921808243,-0.010196350514888763,-0.009201958775520325,-0.010055184364318848,-0.013247352093458176
0,0.0,0.0,0.0,0.0,-0.00927916169166565,-0.004070978611707687,-0.011162623763084412,-0.0015925616025924683,-0.007992148399353027,0.003677152097225189
0,0.0,0.0,0.0,0.0,0.0,0.0,-0.001946963369846344,-0.00134943425655365,-0.003179207444190979,0.001289520412683487
0,0.0,0.0,0.0,0.0,-0.001516982913017273,0.006350629031658173,-0.0010754019021987915,0.0016906298696994781,0.0012769773602485657,-0.0014077834784984589
0,0.0,0.0,0.0,0.0,0.0,0.0,0.002741090953350067,0.0009147115051746368,0.0005955323576927185,0.002440735697746277
0,0.0,0.0,0.0,0.0,-0.004118151962757111,0.00399896502494812,-0.012280300259590149,-0.014170888811349869,0.008018672466278076,-0.002150304615497589
0,0.0,0.0,0.0,0.0,-0.004558153450489044,0.0015696883201599121,-0.0028535500168800354,0.006896816194057465,-0.012985728681087494,-0.005204886198043823
0,0.0,0.0,0.0,0.0,-0.009501047432422638,-0.004394300282001495,-0.00935191661119461,0.003013044595718384,-0.007067285478115082,-0.003174103796482086
0,0.0,0.0,0.0,0.0,-0.025606118142604828,0.006929442286491394,-0.027446433901786804,-0.011440612375736237,-0.02318427711725235,-0.00961894541978836
0,0.0,0.0,0.0,0.0,0.0,0.0,0.00014581531286239624,-0.005134455859661102,0.0033297687768936157,-0.011378474533557892
0,0.0,0.0,0.0,0.0,-0.0030863508582115173,-0.005872488021850586,0.0003042444586753845,-0.01732657104730606,0.0012693926692008972,-0.007993422448635101
0,0.0,0.0,0.0,0.0,0.0,0.0,-0.006983712315559387,0.0006811320781707764,-0.0032084882259368896,-0.004344727843999863
0,0.0,0.0,0.0,0.0,-0.004520155489444733,-0.004236403852701187,-0.0017811357975006104,-0.010062094777822495,-0.0029676705598831177,-0.00426853820681572
0,0.0,0.0,-0.0016478896141052246,0.008202992379665375,-0.00507141649723053,0.009180907160043716,-0.0033250004053115845,0.004445675760507584,-0.0003379806876182556,0.004377108067274094
0,0.0,0.0,0.0,0.0,-0.00851159542798996,0.008038491010665894,-0.006079576909542084,0.0017259754240512848,-0.008190125226974487,0.010930124670267105
0,0.0,0.0,-0.004386872053146362,0.0029270797967910767,-0.0011586993932724,-0.001760721206665039,0.002632521092891693,0.0052556246519088745,0.008676901459693909,-0.0024470314383506775
0,0.0,0.0,0.0,0.0,-0.007319748401641846,-0.004323787987232208,-0.004028156399726868,-0.007033996284008026,0.005065292119979858,-0.016978692263364792
0,0.0,0.0,0.0,0.0,-0.002736106514930725,0.018619000911712646,-0.006651028990745544,0.01083286851644516,-0.003610365092754364,0.007573504000902176
0,0.0,0.0,0.0,0.0,-0.00495273619890213,0.020579230040311813,-0.007221736013889313,0.020419105887413025,-0.006547890603542328,0.012045960873365402
0,0.0,0.0,0.0,0.0,0.0,0.0,-0.006568118929862976,0.013715721666812897,-0.01409585028886795,0.00533299520611763
0,0.0,0.0,0.0,0.0,-0.015909716486930847,0.013498663902282715,-0.01382637768983841,0.01137050986289978,0.0022426173090934753,0.0034574195742607117
0,0.0,0.0,0.0,0.0,0.0,0.0,-0.00818304717540741,0.0005461052060127258,0.0036201775074005127,-0.007601715624332428
0,0.0,0.0,0.0,0.0,-0.0004232823848724365,0.0020583048462867737,0.013319380581378937,-0.009019553661346436,0.019810199737548828,-0.028237901628017426
0,0.0,0.0,0.0,0.0,-0.010813534259796143,0.019226662814617157,-0.012159682810306549,0.009661152958869934,-0.000918164849281311,0.0028099119663238525
0,0.0,0.0,-0.019916579127311707,-0.00923851877450943,-0.018169663846492767,-0.009310472756624222,-0.019095614552497864,0.008207742124795914,-0.01957392692565918,0.0011770203709602356
0,0.0,0.0,0.0,0.0,-0.008100204169750214,-0.004538968205451965,-0.013615839183330536,-0.003658667206764221,-0.017883941531181335,0.003003973513841629
0,0.0,0.0,0.0,0.0,0.0,0.0,-0.00776316225528717,0.0003821328282356262,-0.009983889758586884,0.0016020908951759338
0,0.0,0.0,0.0,0.0,-0.0012262165546417236,0.006375156342983246,-0.002261623740196228,-0.004536766558885574,-0.0014781132340431213,0.006157826632261276
0,0.0,0.0,0.0,0.0,-0.0025972947478294373,0.002121269702911377,-0.0001896396279335022,-0.0053599439561367035,-0.0012443587183952332,-0.00034913793206214905
0,0.0,0.0,0.0,0.0,0.0,0.0,-0.006241515278816223,-0.0017672739923000336,-0.010571718215942383,-0.006154943257570267
0,0.0,0.0,0.0,0.0,-0.009209759533405304,-0.01097339391708374,-0.002571098506450653,-0.010316498577594757,0.013529457151889801,0.005338132381439209
0,0.0,0.0,0.0,0.0,0.0,0.0,0.0,0.0,0.00647909939289093,0.002812519669532776
0,0.0,0.0,0.0,0.0,-0.02088521420955658,0.003513932228088379,-0.03205160051584244,-0.009904280304908752,-0.028492853045463562,-0.007342487573623657
0,0.0,0.0,-0.009162336587905884,0.002466633915901184,-0.019846297800540924,0.007324766367673874,-0.017470955848693848,0.004251852631568909,-0.01819434016942978,0.008010894060134888
0,0.0,0.0,-0.009799420833587646,0.0010572895407676697,-0.013344116508960724,-0.002619851380586624,-0.011698588728904724,-0.0012787804007530212,-0.011814028024673462,0.003867659717798233
0,0.0,0.0,0.0,0.0,-0.005154073238372803,0.0038092508912086487,-0.0028707608580589294,-0.0023116804659366608,-0.003627195954322815,0.0018783658742904663
0,0.0,0.0,-0.006429590284824371,0.007259700447320938,-0.012272223830223083,0.0022438615560531616,-0.012649588286876678,0.0008809491991996765,-0.010671116411685944,0.005492012947797775
0,0.0,0.0,0.0,0.0,-0.009096570312976837,-0.00924495980143547,-0.011632971465587616,-0.011816386133432388,-0.012692496180534363,-0.01072654128074646
0,0.0,0.0,0.0,0.0,-0.011719293892383575,-0.002304278314113617,-0.01626995950937271,0.004297599196434021,-0.010002262890338898,0.009999226778745651
0,0.0,0.0,0.0,0.0,0.0,0.0,-0.01000494509935379,0.008945763111114502,-0.01434316486120224,0.009333789348602295
0,0.0,0.0,-0.006243646144866943,0.0050760358572006226,-0.010748401284217834,0.0003436543047428131,-0.008878171443939209,0.004205662757158279,-0.006832703948020935,-0.00011189281940460205
0,0.0,0.0,0.0,0.0,0.0,0.0,-0.009126044809818268,-0.0010414645075798035,-0.004274375736713409,-0.0057093799114227295
0,0.0,0.0,0.0,0.0,-0.00762852281332016,0.004277363419532776,-0.016340933740139008,0.0033413879573345184,-0.00987931340932846,0.002909298986196518
0,0.0,0.0,0.0,0.0,-0.0014599934220314026,-0.00027636438608169556,-0.001372210681438446,-0.0011408999562263489,0.004304349422454834,-0.0025092177093029022
0,0.0,0.0,0.0,0.0,-0.01522139459848404,-0.0048941634595394135,-0.012742578983306885,-0.00817893072962761,-0.00680183619260788,-0.0005902685225009918
0,0.0,0.0,0.0,0.0,-0.011084720492362976,0.008714959025382996,-0.012927994132041931,0.0167890302836895,-0.008724115788936615,0.024925339967012405
0,0.0,0.0,0.0,0.0,-0.000635005533695221,0.005818657577037811,-0.008771300315856934,-0.005546562373638153,-0.012224026024341583,0.005309082567691803
1,0.0,0.0,0.0,0.0,0.0,0.0,-0.008953697979450226,-0.006466686725616455,-0.03178331255912781,-0.001801811158657074
1,0.0,0.0,0.0,0.0,0.0,0.0,-0.0047492459416389465,-0.012209132313728333,-0.030034609138965607,-0.010329894721508026
1,0.0,0.0,-0.020368173718452454,-0.019340887665748596,-0.027052409946918488,-0.03105010837316513,-0.05162721872329712,-0.01566752791404724,-0.06735943257808685,0.01420062780380249
1,0.0,0.0,-0.007073462009429932,0.004314415156841278,-0.02123512327671051,-0.003615155816078186,-0.02978482097387314,0.00851043313741684,-0.030308052897453308,0.015328802168369293
1,0.0,0.0,-0.00028190016746520996,-0.01538589596748352,-0.020335428416728973,-0.035760194063186646,-0.029641829431056976,-0.007303014397621155,-0.03679949790239334,0.0059891194105148315
1,-0.020983733236789703,-0.030432231724262238,-0.033581316471099854,-0.037436120212078094,-0.05395357310771942,-0.004840530455112457,-0.05214172601699829,-0.009213298559188843,-0.03856133669614792,-0.02179493010044098
1,0.0,0.0,0.0,0.0,0.0,0.0,0.0008030533790588379,-0.014458466321229935,-0.027636542916297913,0.010783351957798004
1,0.0,0.0,0.0,0.0,0.0,0.0,-0.02682425081729889,0.001256067305803299,-0.04383048415184021,-0.0031066834926605225
1,0.0,0.0,0.0,0.0,0.0,0.0,-0.017149902880191803,-0.006421923637390137,-0.053617410361766815,-0.004136539995670319
1,0.0,0.0,0.0,0.0,-0.01106058806180954,-0.02426164597272873,-0.022985801100730896,-0.020428679883480072,-0.03298218548297882,-0.01649821549654007
1,0.0,0.0,0.0,0.0,0.0,0.0,-0.014276832342147827,-0.018493160605430603,-0.029991216957569122,0.00746212899684906
1,0.0,0.0,0.0,0.0,-0.08364440500736237,-0.01388850063085556,-0.07568232715129852,-0.002221807837486267,-0.11771899461746216,0.02183152735233307
1,0.0,0.0,0.0,0.0,0.0,0.0,-0.02177530527114868,-0.0014641359448432922,-0.038684144616127014,0.03749311715364456
1,-0.019152313470840454,0.006086073815822601,-0.041334688663482666,0.0017061978578567505,-0.04536446928977966,0.007613807916641235,-0.03278166055679321,0.007570765912532806,-0.02747352421283722,0.02594578266143799
1,0.0,0.0,0.0,0.0,-0.11607968807220459,-0.024584509432315826,-0.14435794949531555,-0.020232699811458588,-0.15228451043367386,-0.011649228632450104
1,0.0,0.0,0.0,0.0,-0.0065223947167396545,-0.008309148252010345,-0.01820310950279236,-0.01165798306465149,-0.032967083156108856,-0.0005313456058502197
1,0.0,0.0,0.0,0.0,0.0,0.0,0.0,0.0,-0.015763215720653534,-0.0046649351716041565
1,0.0,0.0,0.0,0.0,-0.016884438693523407,-0.0010616481304168701,-0.029150590300559998,-0.0033899545669555664,-0.01705349236726761,-0.0058062076568603516
1,0.0,0.0,0.0,0.0,0.0,0.0,0.00038620084524154663,-0.0027249902486801147,-0.01763942837715149,0.035227447748184204
1,0.0,0.0,0.006734147667884827,0.011688396334648132,-0.008777245879173279,-0.00094565749168396,-0.025774799287319183,0.007790327072143555,-0.03303198516368866,0.024652622640132904
1,0.0,0.0,-0.007805861532688141,0.0012868121266365051,-0.008053913712501526,-0.012727305293083191,-0.04734717309474945,-0.009550340473651886,-0.04768216609954834,0.014561429619789124
1,0.0,0.0,0.0,0.0,-0.004985995590686798,0.016510173678398132,-0.02268292009830475,0.002920396625995636,-0.038008324801921844,-0.0037975236773490906
1,0.0,0.0,-0.017358727753162384,-0.00483907014131546,-0.02641317993402481,-0.014650315046310425,-0.030641160905361176,-0.019202381372451782,-0.032653093338012695,-0.020260438323020935
1,0.0,0.0,0.0,0.0,-0.0014452114701271057,-0.004731230437755585,-0.007498227059841156,-0.009154081344604492,-0.021845079958438873,-0.006548076868057251
1,0.0,0.0,0.0,0.0,0.0,0.0,-0.014909960329532623,-0.016010582447052002,-0.021143779158592224,-0.015864938497543335
1,0.0,0.0,0.0,0.0,-0.004523478448390961,0.0016162097454071045,-0.01639091968536377,-0.01572071760892868,-0.021727517247200012,-0.013048067688941956
1,0.0,0.0,0.0,0.0,-0.013792753219604492,0.004920154809951782,-0.014382168650627136,-0.023326851427555084,-0.0336054265499115,-0.02932373434305191
1,0.0,0.0,0.0015713199973106384,-0.0011932626366615295,0.004647471010684967,-0.014792829751968384,-0.013238571584224701,-0.008545398712158203,-0.01554059237241745,-0.006467260420322418
1,0.0,0.0,0.0,0.0,-0.019849099218845367,0.01826918125152588,-0.04234636574983597,-0.0031915828585624695,-0.04499354958534241,-0.014029860496520996
1,0.0,0.0,0.0,0.0,-0.011378556489944458,0.0017571449279785156,-0.023098967969417572,-0.0048288702964782715,-0.03548076003789902,0.008968867361545563
1,0.0,0.0,0.0,0.0,0.0,0.0,-0.02151733636856079,-0.0032504424452781677,-0.02980351448059082,-0.007857054471969604
1,0.0,0.0,-0.007283493876457214,0.009812667965888977,-0.02162870019674301,-0.01713678240776062,-0.03793829679489136,-0.0011749044060707092,-0.0383136048913002,-0.014065742492675781
1,0.0,0.0,-0.01410558819770813,0.005740419030189514,-0.03419145941734314,0.03120497614145279,-0.03603314608335495,0.01117483526468277,-0.04723311960697174,0.002185564488172531
1,-0.027285657823085785,0.003372304141521454,-0.02542933076620102,-0.029367409646511078,-0.03395722806453705,-0.017343848943710327,-0.02559996396303177,-0.012212440371513367,-0.007047563791275024,-0.03227224946022034
1,0.0,0.0,0.0,0.0,-0.003861822187900543,0.0001873224973678589,-0.007979564368724823,-0.006898984313011169,-0.014821775257587433,-0.02893151342868805
1,0.0,0.0,0.0,0.0,0.0,0.0,-0.005935460329055786,-0.009739793837070465,-0.00291287899017334,-0.048514075577259064
1,0.0,0.0,-0.012788057327270508,-0.008599948137998581,-0.01771930605173111,0.01763336732983589,-0.021366380155086517,0.01512489840388298,-0.028728507459163666,-0.01262294128537178
1,0.0,0.0,0.0,0.0,-0.0034499019384384155,0.0007372722029685974,-0.007945641875267029,-0.0016713961958885193,-0.020537644624710083,-0.0024722740054130554
1,0.0,0.0,0.0,0.0,-0.0075286030769348145,-0.0036043748259544373,-0.015027686953544617,-0.0007669553160667419,-0.024518199265003204,0.004627682268619537
1,0.0,0.0,-0.005775511264801025,-0.002125285565853119,-0.008153259754180908,0.0011275559663772583,-0.02592328190803528,0.00445643812417984,-0.027307018637657166,0.016091033816337585
1,0.0,0.0,0.0,0.0,0.01920972764492035,0.01875913143157959,-0.009024254977703094,0.0015803202986717224,-0.045021794736385345,-0.01956970989704132
1,0.0,0.0,0.0,0.0,-0.016670316457748413,0.006580755114555359,-0.0341758131980896,-0.03387349098920822,-0.05503949522972107,-0.04289426654577255
1,0.0,0.0,0.0,0.0,0.0,0.0,-0.012385398149490356,-0.01656893640756607,-0.049870558083057404,-0.04051676392555237
1,0.0,0.0,0.0,0.0,0.0022240877151489258,-0.021084800362586975,-0.007216118276119232,-0.004647091031074524,-0.02211747318506241,0.013521060347557068
1,0.0,0.0,0.0,0.0,0.0,0.0,-0.016449958086013794,0.006659708917140961,-0.01973789930343628,0.021074533462524414
1,0.0,0.0,-0.0011496096849441528,0.0122566819190979,-0.023122131824493408,0.005005821585655212,-0.048738256096839905,0.011386208236217499,-0.034133829176425934,0.02216324955224991
1,0.0,0.0,0.0,0.0,-0.0012059658765792847,0.0025512948632240295,-0.03172256797552109,0.01911761611700058,-0.03818275034427643,0.015360318124294281
1,0.0,0.0,-0.0038653314113616943,-0.012461602687835693,-0.027545355260372162,-0.01321885734796524,-0.03424886614084244,-0.017825812101364136,-0.05337630212306976,-0.006887950003147125
1,0.0,0.0,0.0,0.0,0.0,0.0,-0.0016475468873977661,-0.003367587924003601,-0.03323836624622345,0.001352742314338684
1,0.0,0.0,0.0,0.0,0.0,0.0,-0.01769620180130005,-0.024956651031970978,-0.02511649578809738,-0.023530147969722748
1,0.0,0.0,0.0,0.0,0.0,0.0,-0.01759439706802368,-0.005026619881391525,-0.038314275443553925,0.011204082518815994
1,0.0,0.0,0.0,0.0,-0.012504063546657562,-0.014994464814662933,-0.04216378927230835,-0.009829528629779816,-0.052369795739650726,-0.016667157411575317
1,0.0,0.0,0.0,0.0,-0.01402728259563446,0.009838193655014038,-0.03651346266269684,-0.0029421523213386536,-0.0700821802020073,0.001125246286392212
1,0.0,0.0,-0.009964853525161743,0.0022188499569892883,-0.022274084389209747,-0.014518938958644867,-0.049631670117378235,-0.01748672127723694,-0.05389413982629776,-0.004220694303512573
1,0.0,0.0,-0.010826952755451202,0.0007444024085998535,-0.0277087539434433,-0.019724957644939423,-0.044794484972953796,-0.0096956267952919,-0.06257561594247818,0.00836820900440216
1,0.0,0.0,-0.012567341327667236,-0.012948401272296906,-0.023375771939754486,-0.018730536103248596,-0.05922902375459671,-0.03871036320924759,-0.0671287253499031,-0.035937562584877014
1,0.0,0.0,0.0,0.0,-0.008821576833724976,-0.005250371992588043,-0.04545752704143524,-0.022065788507461548,-0.059183597564697266,-0.020422697067260742
1,-0.01667427271604538,0.00019022077322006226,-0.05368853360414505,0.0034215152263641357,-0.07238754630088806,0.009425975382328033,-0.07477976381778717,0.01142798364162445,-0.07317515462636948,0.019880369305610657
1,0.0,0.0,0.0,0.0,-0.013715013861656189,-0.017795339226722717,-0.04530421644449234,0.017633244395256042,-0.05805600434541702,0.024720780551433563
1,0.0,0.0,0.0,0.0,0.0,0.0,-0.0011968612670898438,0.017341185361146927,-0.022082261741161346,-0.0023079141974449158
1,0.0,0.0,0.0,0.0,0.0,0.0,-0.018556706607341766,-0.020591486245393753,-0.033858299255371094,-0.021129287779331207
1,0.0,0.0,0.0,0.0,-0.007278740406036377,-0.003838859498500824,-0.02137196809053421,0.001581244170665741,-0.022099219262599945,-0.017256416380405426
1,0.0,0.0,-0.0037285983562469482,0.026267535984516144,-0.01776307076215744,0.03192342817783356,-0.02601240575313568,0.03894198685884476,-0.027752242982387543,0.011226102709770203
1,0.0,0.0,0.0,0.0,-0.01079956442117691,-0.0030314773321151733,-0.02905353158712387,-0.0187419131398201,-0.023201853036880493,-0.03701174259185791
1,0.0,0.0,0.0,0.0,0.0,0.0,0.0,0.0,-0.006340749561786652,-0.01251266896724701
1,0.0,0.0,0.00045242905616760254,-0.013737678527832031,-0.0005257651209831238,-0.017657682299613953,-0.011787235736846924,0.0270000621676445,-0.007519759237766266,0.03662491589784622
1,0.0,0.0,-0.008492209017276764,0.008283037692308426,-0.020189203321933746,0.008512485772371292,-0.022564053535461426,-0.02463671565055847,-0.03469683229923248,-0.04036351293325424
1,0.0,0.0,-0.007833652198314667,-0.010007523000240326,-0.01325429230928421,-0.024111688137054443,-0.029404185712337494,-0.04203072935342789,-0.027627505362033844,-0.044457267969846725
1,0.0,0.0,0.0,0.0,-0.01279110461473465,0.011374741792678833,-0.02721448242664337,-0.0021037086844444275,-0.035374827682971954,-0.031561776995658875
1,0.0,0.0,0.0,0.0,0.0,0.0,0.0,0.0,-0.00662444531917572,-0.004308737814426422
1,0.0,0.0,0.0,0.0,0.0,0.0,-0.009599320590496063,-0.012230262160301208,-0.03597569465637207,-0.039836734533309937
1,0.0,0.0,0.0,0.0,-0.012700267136096954,0.009319297969341278,-0.04191956669092178,-0.01114509254693985,-0.058149583637714386,-0.02970624342560768
1,0.0,0.0,0.0,0.0,-0.012438826262950897,-0.0034489110112190247,-0.022702202200889587,-0.02041463553905487,-0.04475703835487366,-0.009149700403213501
1,0.0,0.0,0.0,0.0,0.0013772547245025635,-0.010462503880262375,-0.010455578565597534,-0.010219663381576538,-0.03291385620832443,-0.012783810496330261
1,0.0,0.0,-0.013499952852725983,0.030248932540416718,-0.036392442882061005,0.02866022288799286,-0.05862027406692505,0.061882272362709045,-0.0712350532412529,0.03180385380983353
1,0.0,0.0,0.0,0.0,-0.002581000328063965,0.009665846824645996,-0.017014257609844208,0.025795452296733856,-0.044521547853946686,0.02287948504090309
1,0.0,0.0,-0.01572921872138977,-0.009899929165840149,-0.037730030715465546,-0.00675404816865921,-0.05048372596502304,0.008269403129816055,-0.04285106062889099,0.007894959300756454
1,0.0,0.0,0.0,0.0,-0.01325131207704544,0.008819341659545898,-0.04487878829240799,0.02833816409111023,-0.07423634827136993,0.050093427300453186
1,0.0,0.0,0.0,0.0,-0.01748376339673996,0.019118700176477432,-0.036513909697532654,-0.007654532790184021,-0.06997641175985336,-0.009996548295021057
1,0.0,0.0,-0.005695410072803497,0.004344586282968521,-0.019759945571422577,0.0005761273205280304,-0.06123550981283188,0.008493658155202866,-0.08233882486820221,0.008103813976049423
1,0.0,0.0,-0.014309689402580261,-0.006898116320371628,-0.026225969195365906,-0.029423143714666367,-0.05481564998626709,-0.06726806983351707,-0.0641188994050026,-0.0725662000477314
1,0.0,0.0,-0.008967027068138123,-0.0016351118683815002,-0.03008553385734558,-0.0033549517393112183,-0.043697506189346313,-0.002807535231113434,-0.03403301537036896,-0.0119343101978302
1,0.0,0.0,-0.007945582270622253,-0.0007623136043548584,-0.02848995476961136,-0.001155458390712738,-0.053891271352767944,-0.015998855233192444,-0.06253701448440552,-0.017702899873256683
1,0.0,0.0,0.0,0.0,-0.011844635009765625,-0.0022386908531188965,-0.042351946234703064,0.0009525492787361145,-0.07166779041290283,0.019668519496917725
1,0.0,0.0,0.0,0.0,0.0,0.0,-0.006598733365535736,-0.008169695734977722,-0.024250075221061707,-0.033329837024211884
1,0.0,0.0,0.0,0.0,0.0,0.0,-0.04258633404970169,-0.017980903387069702,-0.058366045355796814,-0.03638371825218201
1,0.0,0.0,0.0,0.0,-0.05369996279478073,-0.019913271069526672,-0.07557603716850281,-0.033249035477638245,-0.06863150000572205,-0.021697998046875
1,0.0,0.0,0.0,0.0,-0.006760954856872559,-0.0048216357827186584,-0.04745333641767502,-0.027234189212322235,-0.058123476803302765,-0.0468047559261322
1,0.0,0.0,0.0,0.0,0.0,0.0,-0.011931940913200378,-0.009338334202766418,-0.04562107473611832,-0.03505881130695343
1,0.0,0.0,0.0,0.0,0.0,0.0,-0.03151872754096985,-0.011962644755840302,-0.044115081429481506,-0.03829343616962433
1,0.0,0.0,0.0,0.0,0.0,0.0,-0.04216558486223221,-0.028431855142116547,-0.07211890071630478,-0.057883813977241516
1,0.0,0.0,-0.005999848246574402,0.01364697515964508,-0.02250511944293976,-0.004909180104732513,-0.05648262798786163,0.009432144463062286,-0.06129864603281021,0.046805091202259064
1,0.0,0.0,0.0,0.0,-0.013959906995296478,-0.00010384619235992432,-0.05000803619623184,-0.01971811056137085,-0.05956447124481201,-0.021295011043548584
1,0.0,0.0,0.0004180818796157837,0.00193825364112854,-0.01205754280090332,-0.003344923257827759,-0.04756096750497818,-0.03271336853504181,-0.07381929457187653,-0.041080452501773834
1,0.0,0.0,0.0,0.0,-0.01562879979610443,0.011863470077514648,-0.017954476177692413,0.019354425370693207,-0.03273152559995651,0.04775012284517288
1,0.0,0.0,0.0,0.0,0.0,0.0,-0.014455124735832214,0.015391141176223755,-0.02153204381465912,0.01745053380727768
1,0.0,0.0,0.0,0.0,-0.01093629002571106,0.00356157124042511,-0.03254931420087814,-0.00561939924955368,-0.03885464370250702,0.027294956147670746
1,0.0,0.0,0.0,0.0,-0.027834363281726837,0.0030970200896263123,-0.02888445556163788,0.0002563595771789551,-0.03142954409122467,-0.009880535304546356
1,0.0,0.0,0.0,0.0,-0.013580523431301117,-0.001915067434310913,-0.04959048330783844,-0.005286552011966705,-0.04505837708711624,0.003583155572414398
1,0.0,0.0,-0.014299549162387848,-0.005507141351699829,-0.0534563809633255,-0.015637949109077454,-0.06121423840522766,-0.0009386166930198669,-0.05979885160923004,0.023817583918571472
2,0.0,0.0,0.0,0.0,-0.0036330148577690125,-0.011762954294681549,-0.017439618706703186,-0.03706420212984085,-0.009108416736125946,-0.10235708206892014
2,0.0,0.0,0.0,0.0,-0.006849102675914764,-0.01599752902984619,-0.014132462441921234,-0.04152033478021622,-0.015309430658817291,-0.04881881922483444
2,0.0,0.0,0.0,0.0,0.0,0.0,-0.007569767534732819,-0.0009237155318260193,-0.021975383162498474,-0.022063590586185455
2,0.0,0.0,0.0,0.0,-0.007102392613887787,0.0002813786268234253,-0.02430535852909088,-0.01907423883676529,-0.022939026355743408,-0.07233519107103348
2,0.0,0.0,0.0,0.0,0.0,0.0,-0.01678447425365448,0.003729104995727539,-0.035133130848407745,-0.03450555354356766
2,0.0,0.0,0.0,0.0,0.0,0.0,-0.0176863893866539,0.001069590449333191,-0.03985673934221268,-0.03576325625181198
2,0.0,0.0,0.0,0.0,-0.01789446920156479,0.0021219924092292786,-0.03770729899406433,-0.02355773001909256,-0.03667201101779938,-0.08030804991722107
2,0.0,0.0,0.0,0.0,0.0,0.0,-0.014376446604728699,-0.01418730616569519,-0.027841322124004364,-0.05012311041355133
2,0.0,0.0,0.0,0.0,0.0,0.0,-0.012495480477809906,0.002426557242870331,-0.02763182669878006,-0.023121677339076996
2,0.0,0.0,-0.011420033872127533,0.0027980878949165344,-0.022565122693777084,-0.011698789894580841,-0.023013439029455185,-0.08693104237318039,-0.0036374814808368683,-0.0881495550274849
2,0.0,0.0,0.0,0.0,0.0,0.0,-0.006692260503768921,0.01744132861495018,-0.028498288244009018,-0.013905156403779984
2,0.0,0.0,-0.010034136474132538,0.01161431148648262,-0.015142597258090973,-0.004370417445898056,-0.016186870634555817,-0.05538227781653404,-0.01242363452911377,-0.06536933779716492
2,0.0,0.0,0.0,0.0,-0.009875845164060593,0.00494794175028801,-0.020586896687746048,-0.009159591048955917,-0.0239340178668499,-0.042142197489738464
2,0.0,0.0,0.0,0.0,-0.005165793001651764,0.02923816442489624,-0.013334844261407852,0.026380740106105804,-0.015964064747095108,-0.08047360926866531
2,0.0,0.0,0.0,0.0,-0.00818825513124466,-0.008724819868803024,-0.014668982475996017,-0.03783225268125534,-0.010486196726560593,-0.08288990706205368
2,0.0,0.0,0.0,0.0,-0.00521334633231163,0.023709986358880997,-0.013446051627397537,0.008778788149356842,-0.02385084703564644,-0.02408379688858986
2,0.0,0.0,0.0,0.0,-0.005303658545017242,-0.03212596848607063,-0.014387726783752441,-0.07748108357191086,0.004462536424398422,-0.0852019339799881
2,0.0,0.0,0.0,0.0,0.0,0.0,0.006879061460494995,-0.016506539657711983,-0.005626410245895386,-0.03370423801243305
2,0.0,0.0,0.0,0.0,0.0,0.0,-0.005115389823913574,0.013003990054130554,-0.017762452363967896,0.0151488296687603
2,0.0,0.0,0.0,0.0,0.0,0.0,0.0,0.0,0.006002925336360931,-0.027972504496574402
2,0.0,0.0,0.0,0.0,0.0,0.0,0.001737203449010849,-0.00942731462419033,-0.012349840253591537,-0.040428973734378815
2,0.0,0.0,0.0,0.0,0.0,0.0,-0.0066950321197509766,-0.019975118339061737,-0.020860079675912857,-0.05581455118954182
2,0.0,0.0,0.0,0.0,0.0,0.0,-0.011159516870975494,-0.0017315279692411423,-0.008941859006881714,-0.05814346484839916
2,0.0,0.0,0.0,0.0,0.0,0.0,0.0,0.0,-0.0028881914913654327,-0.03194289468228817
2,0.0,0.0,0.0,0.0,0.0,0.0,0.0,0.0,0.01092013344168663,0.0023842286318540573
2,0.0,0.0,-0.02800712361931801,-0.0006155073642730713,-0.024955451488494873,0.012309691868722439,-0.03472806513309479,-0.024384651333093643,-0.0458773672580719,-0.019029581919312477
2,0.0,0.0,0.0,0.0,-0.002872683107852936,0.0014304667711257935,-0.009748764336109161,-0.02049262449145317,-0.0023320093750953674,-0.0685107409954071
2,0.0,0.0,0.0,0.0,0.0,0.0,-0.0020483508706092834,-0.025763045996427536,-0.009631559252738953,-0.06648847833275795
2,0.0,0.0,0.0,0.0,0.0,0.0,-0.0024804696440696716,-0.02458050847053528,-0.01370152086019516,-0.036718517541885376
2,0.0,0.0,0.0,0.0,-0.017700999975204468,-0.04002586007118225,-0.023516684770584106,-0.09312338382005692,-0.021315157413482666,-0.0856347307562828
2,0.0,0.0,-0.028877511620521545,0.030362270772457123,-0.028866231441497803,0.013327598571777344,-0.024959489703178406,-0.015514783561229706,-0.018183685839176178,-0.017784982919692993
2,0.0,0.0,0.0,0.0,-0.0006728619337081909,-3.092736005783081e-05,0.0047873854637146,-0.03354819864034653,0.006523720920085907,-0.016714274883270264
2,0.0,0.0,0.0,0.0,0.001569889485836029,-0.013270445168018341,0.002048119902610779,-0.016118735074996948,0.007544666528701782,-0.054331958293914795
2,0.0,0.0,-0.005509577691555023,0.00048047304153442383,-0.004275389015674591,-0.008362673223018646,-0.004751250147819519,-0.010676689445972443,0.003118745982646942,-0.05008506774902344
2,0.0,0.0,0.0,0.0,0.0,0.0,0.0,0.0,0.008935116231441498,-0.026510968804359436
2,0.0,0.0,0.0,0.0,0.0,0.0,0.0003458932042121887,-0.009622104465961456,0.0035487860441207886,-0.034212544560432434
2,0.0,0.0,0.0,0.0,0.0036449506878852844,-0.0060769543051719666,0.0015321224927902222,-0.03029680997133255,0.017105333507061005,-0.05547090619802475
2,0.0,0.0,0.0,0.0,0.0,0.0,-9.978562593460083e-05,0.004386499524116516,0.005005694925785065,-0.01629769057035446
2,0.0,0.0,-0.005171820521354675,0.005341164767742157,-0.006849117577075958,-0.021587155759334564,-0.0014635100960731506,-0.08163384348154068,-0.004182673990726471,-0.0823683887720108
2,0.0,0.0,0.0,0.0,0.0,0.0,0.0030497461557388306,-0.012373730540275574,0.011779733002185822,-0.07785183191299438
2,0.0,0.0,0.0,0.0,0.0,0.0,-0.006293118000030518,-0.010121770203113556,0.0070328786969184875,-0.058058299124240875
2,0.0,0.0,0.0,0.0,0.002138487994670868,-0.014642544090747833,0.011623650789260864,-0.07040023803710938,0.010167501866817474,-0.07941848784685135
2,0.0,0.0,0.0,0.0,0.0005270242691040039,0.0014052391052246094,-0.002010643482208252,-0.024961240589618683,0.011103987693786621,-0.06959278881549835
2,0.0,0.0,-0.0034670084714889526,0.000522952526807785,-0.00380697101354599,-0.01641784980893135,0.014354906976222992,-0.0691903829574585,0.019545607268810272,-0.07340043410658836
2,0.0,0.0,0.0,0.0,0.0,0.0,-0.008009754121303558,-0.002484019845724106,-0.0028654709458351135,-0.01906803622841835
2,0.0,0.0,0.0,0.0,0.0005764216184616089,0.011677291244268417,-0.0025527849793434143,-0.0012369044125080109,0.009035497903823853,-0.036129917949438095
2,0.0,0.0,0.0,0.0,-0.005098745226860046,-0.0008676759898662567,-0.006554760038852692,-0.011709246784448624,0.013775132596492767,-0.058852266520261765
2,0.0,0.0,0.0,0.0,-0.002234809100627899,0.005767233669757843,-0.005865857005119324,-0.005891263484954834,0.00033964961767196655,-0.04976281523704529
2,0.0,0.0,0.0,0.0,0.0,0.0,-0.0046103522181510925,0.004366353154182434,-0.006752446293830872,-0.028243202716112137
2,0.0,0.0,0.0,0.0,0.0027841925621032715,-0.011589527130126953,0.0039334967732429504,-0.03307385742664337,0.004969514906406403,-0.0874008983373642
2,0.0,0.0,0.0,0.0,0.0,0.0,0.006420731544494629,-0.016608279198408127,0.007930442690849304,-0.027747638523578644
2,0.0,0.0,0.0,0.0,-0.008006647229194641,0.014840967953205109,-0.006420344114303589,0.001095503568649292,-0.000605270266532898,-0.05284441262483597
2,0.0,0.0,0.0,0.0,0.005598202347755432,-0.01736585795879364,0.004465505480766296,-0.026495859026908875,0.008410938084125519,-0.08464372903108597
2,0.0,0.0,0.0,0.0,-0.0003907233476638794,-0.010959405452013016,0.008309267461299896,-0.017354700714349747,0.012269936501979828,-0.02735304832458496
2,0.0,0.0,0.0,0.0,0.0,0.0,-0.001112125813961029,-0.017022859305143356,-0.0026511475443840027,-0.028393525630235672
2,0.0,0.0,0.0,0.0,0.0,0.0,0.0069110095500946045,-0.0083259716629982,0.004957765340805054,-0.026401564478874207
2,0.0,0.0,0.0,0.0,0.0,0.0,-0.00041478127241134644,-0.010521404445171356,-0.002490103244781494,-0.01207643747329712
2,0.0,0.0,0.002336554229259491,0.003395684063434601,0.004832625389099121,-0.010478243231773376,0.0003851279616355896,-0.014644764363765717,-0.00048660486936569214,-0.028541244566440582
2,0.0,0.0,0.0,0.0,0.002152055501937866,0.004091240465641022,-0.00324065238237381,-0.013324305415153503,0.0030351951718330383,-0.04045703262090683
2,0.0,0.0,0.0,0.0,0.005351066589355469,-0.007452920079231262,-0.0023332685232162476,-0.029718391597270966,0.002859942615032196,-0.04895944148302078
2,0.0,0.0,0.0,0.0,0.0007521957159042358,-0.0027062930166721344,0.0014487802982330322,-0.01146838441491127,0.010808415710926056,-0.05335765331983566
2,0.0,0.0,-0.009766988456249237,-0.01204114779829979,-0.014021478593349457,-0.01959371566772461,0.0032969340682029724,-0.09961946308612823,0.006920658051967621,-0.09229309111833572
2,0.0,0.0,0.0,0.0,0.0,0.0,-0.0036297664046287537,-0.005860254168510437,0.0008774995803833008,-0.06390279531478882
2,0.0,0.0,0.0,0.0,0.0,0.0,-0.012630335986614227,0.0014534369111061096,-0.01664617657661438,-0.02758806198835373
2,0.0,0.0,0.0,0.0,0.0,0.0,0.003831423819065094,-0.030435070395469666,0.006607025861740112,-0.08891114592552185
2,0.0,0.0,0.0,0.0,0.0,0.0,-0.002612486481666565,-0.012962132692337036,0.004909493029117584,-0.08821183443069458
2,-0.025895074009895325,-0.03943200409412384,-0.008785277605056763,-0.038041576743125916,-0.008993849158287048,-0.049410030245780945,-0.0002950131893157959,-0.05201348662376404,0.015823930501937866,-0.15923038125038147
2,0.0,0.0,0.0,0.0,-0.008979231119155884,-0.01667056977748871,-0.011489450931549072,-0.029276788234710693,-0.0009964555501937866,-0.06463374942541122
2,0.0025902241468429565,-0.11309831589460373,0.02588372677564621,-0.15481501817703247,0.048229143023490906,-0.15302546322345734,0.06601821631193161,-0.1272483989596367,0.06600470095872879,-0.04095382243394852
2,0.0,0.0,0.0,0.0,0.0,0.0,0.009234420955181122,-0.013189621269702911,0.009686678647994995,-0.099021315574646
2,0.0,0.0,0.0,0.0,-0.006927110254764557,0.009453095495700836,0.0007684379816055298,-0.017404302954673767,0.027193881571292877,-0.10867824405431747
2,0.0,0.0,0.0,0.0,0.0,0.0,0.0,0.0,-0.0038129612803459167,-0.029111914336681366
2,0.0,0.0,0.0,0.0,-0.0002362579107284546,-0.00370199978351593,-0.005122438073158264,-0.02142888307571411,-0.00011797994375228882,-0.12778779119253159
2,0.0,0.0,0.0,0.0,0.0,0.0,0.0014272257685661316,0.0028982385993003845,-0.0028854981064796448,-0.038281239569187164
2,0.0,0.0,0.0,0.0,0.0,0.0,0.0009427815675735474,-0.013062529265880585,0.008379384875297546,-0.0276830792427063
2,-0.0060418471693992615,0.021563544869422913,0.0025601163506507874,-0.0024973824620246887,0.0008731186389923096,-0.014920830726623535,-0.008323058485984802,-0.0673876479268074,0.008426249027252197,-0.07082082331180573
2,0.0,0.0,0.0,0.0,0.0,0.0,-0.007140710949897766,-0.02150113880634308,-0.013071887195110321,-0.10091425478458405
2,0.0,0.0,0.0,0.0,-0.002606891095638275,-0.023037679493427277,-0.018557332456111908,-0.04966163635253906,0.004171751439571381,-0.10761257261037827
2,0.0,0.0,0.0,0.0,0.0002795681357383728,-0.010442018508911133,-0.000810667872428894,-0.040375471115112305,0.01729196310043335,-0.0867178812623024
2,0.0,0.0,0.0,0.0,0.0012761950492858887,-0.027925297617912292,-0.006068870425224304,-0.05790579319000244,0.009056106209754944,-0.1088433712720871
2,0.0,0.0,0.0,0.0,0.004590623080730438,-0.017448395490646362,-0.004685848951339722,-0.03774227946996689,0.012082405388355255,-0.08188529312610626
2,0.0,0.0,0.0,0.0,0.0,0.0,0.009146295487880707,-0.004206947982311249,0.008741870522499084,-0.02620662748813629
2,0.0,0.0,0.0,0.0,-0.004670962691307068,-0.013249143958091736,0.0008962452411651611,-0.04611270874738693,-0.003176093101501465,-0.03478173166513443
2,0.0,0.0,0.0,0.0,0.0,0.0,0.0011727586388587952,-0.001754719763994217,0.00883675366640091,-0.03954736143350601
2,0.0,0.0,0.0,0.0,0.0033580586314201355,-0.007731836289167404,0.007025524973869324,-0.0288517028093338,-0.002114690840244293,-0.030221857130527496
2,-0.00043594837188720703,-0.006033964455127716,0.0015071630477905273,-0.0236051008105278,-0.0010511130094528198,-0.023612238466739655,0.004395775496959686,-0.05567421019077301,0.0035879909992218018,-0.05875415354967117
2,0.0,0.0,0.0,0.0,-0.005239635705947876,-0.011595115065574646,0.0009466409683227539,-0.0792359784245491,-0.005860529839992523,-0.09833720326423645
2,0.0,0.0,0.0,0.0,-0.0029401034116744995,0.009371832013130188,-0.007427483797073364,-0.009606324136257172,-0.0012576058506965637,-0.05905374884605408
2,0.0,0.0,0.0,0.0,0.0,0.0,0.0,0.0,-0.0008024424314498901,0.0094141885638237
2,0.0,0.0,0.0,0.0,-0.003875434398651123,-0.011270351707935333,0.008461236953735352,-0.060312457382678986,0.009503364562988281,-0.07190018892288208
2,0.0,0.0,0.0,0.0,-0.0020139217376708984,-0.04508267715573311,-0.007068119943141937,-0.0697452649474144,-0.00395134836435318,-0.08626015111804008
2,0.0,0.0,0.0,0.0,0.0,0.0,-0.0016319230198860168,-0.007028914988040924,-0.003141842782497406,-0.04502167925238609
2,0.0,0.0,0.0,0.0,0.0,0.0,0.0,0.0,-0.0019580572843551636,0.007394440472126007
2,0.0,0.0,0.0,0.0,-0.010746151208877563,0.005569238215684891,-0.018613561987876892,-0.05855652317404747,-0.009878948330879211,-0.1092875525355339
2,0.0,0.0,0.0,0.0,-0.005156718194484711,-0.02371475100517273,-0.011985212564468384,-0.061417266726493835,-0.006285279989242554,-0.1270824372768402
2,0.0,0.0,0.0,0.0,0.0,0.0,-0.017883695662021637,0.019321836531162262,-0.022985100746154785,-0.013659551739692688
2,0.0,0.0,0.0,0.0,0.000712960958480835,0.026773206889629364,0.006648808717727661,-0.024929702281951904,0.021985501050949097,-0.053888559341430664
2,0.0,0.0,0.0,0.0,-0.009152397513389587,0.006220124661922455,-0.014325030148029327,-0.049567997455596924,0.0007909759879112244,-0.09432832896709442
2,0.0,0.0,0.0,0.0,-0.006225667893886566,0.008217878639698029,0.0005097687244415283,-0.008141130208969116,0.013762407004833221,-0.08460626378655434
2,0.0,0.0,0.0,0.0,0.0,0.0,-0.005317844450473785,-0.012784991413354874,-0.019434787333011627,-0.06650235131382942
3,0.0,0.0,0.0,0.0,-0.0032639726996421814,-0.012614257633686066,0.0052915215492248535,-0.0020181164145469666,0.021343328058719635,-0.0012860000133514404
3,0.0,0.0,0.0,0.0,0.0,0.0,-0.015833139419555664,-0.00398675724864006,-0.011974751949310303,-0.008189849555492401
3,0.0,0.0,0.0,0.0,0.0,0.0,0.0007472485303878784,0.006882086396217346,0.009174801409244537,0.026763416826725006
3,0.0,0.0,0.0,0.0,0.007262036204338074,-0.005316432565450668,0.014736354351043701,-0.012597311288118362,0.023900113999843597,-0.014056269079446793
3,0.0,0.0,0.0,0.0,0.0,0.0,0.008128166198730469,-0.006222032010555267,0.02303425222635269,-0.005752082914113998
3,0.0,0.0,0.0,0.0,0.0,0.0,0.0,0.0,0.003609776496887207,-0.02385355532169342
3,0.0,0.0,0.0,0.0,0.0,0.0,0.006384827196598053,-0.0017833001911640167,0.03809870034456253,-0.028666391968727112
3,0.0,0.0,0.0,0.0,0.0,0.0,0.002040363848209381,0.005260184407234192,0.025842666625976562,-0.015642475336790085
3,0.0,0.0,0.0,0.0,-0.003079153597354889,-0.006038099527359009,0.004767298698425293,-0.023669861257076263,0.05244570970535278,-0.030381646007299423
3,0.0,0.0,0.0,0.0,0.0,0.0,0.0006476864218711853,-0.009278159588575363,0.019191503524780273,-0.02586708962917328
3,0.0,0.0,0.0,0.0,-0.011947773396968842,0.03948533535003662,-0.007467016577720642,0.03018786758184433,0.03090498596429825,0.018533572554588318
3,0.0,0.0,0.0,0.0,-0.0065204426646232605,0.004285085946321487,-0.005414493381977081,-0.007474757730960846,0.04813027381896973,-0.024753447622060776
3,0.0,0.0,0.0,0.0,0.0,0.0,0.008261553943157196,-0.008517477661371231,0.06058080494403839,-0.02910793572664261
3,0.0,0.0,0.0,0.0,0.0,0.0,0.0,0.0,0.010207965970039368,0.016181964427232742
3,0.0,0.0,0.0,0.0,0.0,0.0,-0.013834267854690552,0.008748698979616165,0.020450972020626068,-0.0034868158400058746
3,0.0,0.0,0.028767775744199753,0.010403312742710114,0.04728759452700615,0.020195484161376953,0.052775729447603226,0.02266567200422287,0.03747985139489174,0.017830248922109604
3,0.0,0.0,0.0,0.0,-0.0026263296604156494,-0.0076838210225105286,0.023342527449131012,0.010529544204473495,0.05558980628848076,0.04369330778717995
3,0.0,0.0,0.0,0.0,0.0,0.0,-0.0062898024916648865,-0.009519681334495544,0.05536900833249092,0.002033032476902008
3,0.0,0.0,0.0,0.0,-0.014590460807085037,-0.010210536420345306,0.0047241635620594025,0.004125028848648071,0.038056667894124985,0.0013304278254508972
3,0.0,0.0,0.0,0.0,0.0,0.0,-0.014241732656955719,-0.005030415952205658,0.004566360265016556,-0.0036774948239326477
3,0.0,0.0,0.0,0.0,0.0,0.0,0.011657901108264923,-0.005874738097190857,0.045157499611377716,0.01987636834383011
3,0.0,0.0,0.0,0.0,-0.007242091000080109,-0.006089594215154648,0.05660298466682434,-0.01821761578321457,0.048993781208992004,0.0061516426503658295
3,0.0,0.0,0.0,0.0,0.0,0.0,0.0,0.0,0.030559420585632324,-0.0027789995074272156
3,0.0,0.0,0.0,0.0,0.004409808665513992,-0.001828223466873169,0.045534051954746246,-0.008868452161550522,0.05113677680492401,0.016181517392396927
3,0.0,0.0,0.0,0.0,-0.019315920770168304,-0.00419958308339119,0.008609659969806671,0.013610057532787323,0.023513861000537872,0.04685148596763611
3,0.0,0.0,0.0,0.0,0.0,0.0,0.0005947984755039215,0.005358662456274033,0.005532801151275635,0.021207429468631744
3,0.0,0.0,0.0,0.0,0.0,0.0,0.0034566260874271393,0.0027856193482875824,0.01112661138176918,0.008392196148633957
3,0.0,0.0,0.0,0.0,0.003737039864063263,0.003193095326423645,0.026214558631181717,-0.013889048248529434,0.020059797912836075,-0.0051229894161224365
3,0.0,0.0,0.0,0.0,0.0,0.0,-0.00010078772902488708,0.011417616158723831,0.012523435056209564,0.02543424442410469
3,0.0,0.0,0.0,0.0,0.0,0.0,-0.003745943307876587,0.037311069667339325,-0.00958668440580368,0.06391250714659691
3,0.0,0.0,0.0,0.0,0.007248938083648682,0.011988945305347443,0.021590594202280045,0.006644420325756073,0.03391657769680023,-0.005705494433641434
3,0.0,0.0,0.0,0.0,0.006863482296466827,0.0023376084864139557,0.023204416036605835,0.011080481112003326,0.0191158726811409,-0.0012815184891223907
3,0.0,0.0,0.0,0.0,0.0,0.0,-0.0049043744802474976,-0.011305365711450577,-0.0002856031060218811,-0.03134726360440254
3,0.0,0.0,0.0,0.0,0.0,0.0,0.0018056407570838928,0.021432451903820038,0.017893731594085693,0.03775590658187866
3,0.0,0.0,0.0,0.0,0.002287134528160095,0.015670493245124817,0.013345599174499512,0.028117015957832336,0.028137095272541046,0.02540440857410431
3,0.0,0.0,0.0,0.0,0.0,0.0,0.014492861926555634,0.007410138845443726,0.02933701127767563,-0.004612922668457031
3,0.0,0.0,0.0,0.0,0.00021836161613464355,0.008731294423341751,0.007201723754405975,0.02592271938920021,0.019407451152801514,0.028070766478776932
3,0.0,0.0,0.0,0.0,0.0,0.0,0.0,0.0,0.007816694676876068,0.012461379170417786
3,0.0,0.0,-0.005946896970272064,-0.009955458343029022,0.010055430233478546,0.012143228203058243,0.017596758902072906,0.01309281587600708,0.01428142935037613,0.02489800751209259
3,0.0,0.0,0.0,0.0,-0.007075212895870209,-0.0012636557221412659,0.00684589147567749,0.00571862980723381,0.012559004127979279,0.024542130529880524
3,0.0,0.0,0.0,0.0,0.0032380148768424988,0.006598822772502899,0.00894530862569809,0.03453390672802925,0.01187538355588913,0.04344046488404274
3,0.0,0.0,0.0,0.0,-0.006494663655757904,0.012484170496463776,0.01470823585987091,0.05574320629239082,0.028340056538581848,0.07672148570418358
3,0.0,0.0,0.0,0.0,0.0,0.0,-0.0017892122268676758,0.03980511799454689,0.0017859414219856262,0.05571173131465912
3,0.0,0.0,0.0,0.0,0.0,0.0,0.0,0.0,0.02164953202009201,0.012066040188074112
3,0.0,0.0,0.0,0.0,-0.0016072317957878113,0.006448179483413696,0.0072221532464027405,0.016813263297080994,0.04183753579854965,0.01896282285451889
3,0.0,0.0,0.0,0.0,0.006309255957603455,0.017417147755622864,0.019296132028102875,0.03134442865848541,0.032757267355918884,0.03630285710096359
3,0.0,0.0,0.0,0.0,0.0037268102169036865,0.003964047878980637,0.02591542899608612,0.024650458246469498,0.0347948893904686,0.016963571310043335
3,0.0,0.0,0.0,0.0,-0.0024487748742103577,0.0035996101796627045,0.01099281758069992,0.004656068980693817,0.03233462572097778,-0.004547934979200363
3,0.0,0.0,0.0,0.0,0.0,0.0,0.004208773374557495,0.006351754069328308,0.02385266125202179,0.009700167924165726
3,0.0,0.0,0.0,0.0,-0.002297721803188324,0.02303636446595192,0.003197714686393738,0.01419239491224289,0.02886204421520233,0.02906256541609764
3,0.0,0.0,0.0,0.0,0.0018369555473327637,-0.0009559094905853271,0.023695819079875946,-0.024556316435337067,0.02017068862915039,-0.031086541712284088
3,0.0,0.0,0.0,0.0,-0.014647193253040314,0.004000216722488403,0.014794297516345978,0.0016390196979045868,0.042853474617004395,0.008716408163309097
3,0.0,0.0,0.0,0.0,7.238239049911499e-05,-0.007791832089424133,0.04781264066696167,-0.01227034255862236,0.0524585023522377,-0.0149507075548172
3,0.0,0.0,0.0,0.0,0.0,0.0,0.0024201422929763794,-0.010051421821117401,0.031111858785152435,-0.007455606013536453
3,0.0,0.0,0.0,0.0,-0.020276449620723724,-0.005844771862030029,-0.012990087270736694,-0.008379191160202026,0.02816259115934372,-0.007674835622310638
3,0.0,0.0,0.0,0.0,0.0,0.0,0.0,0.0,0.001986302435398102,0.003810938447713852
3,0.0,0.0,0.0,0.0,0.006998978555202484,-0.010861963033676147,0.057425253093242645,-0.017128836363554,0.06333141773939133,-0.004578996449708939
3,0.0,0.0,0.0,0.0,0.0,0.0,-0.014410644769668579,-0.01163557916879654,0.023350030183792114,-0.014090120792388916
3,0.0,0.0,0.0,0.0,0.0,0.0,-0.03584960848093033,-0.008008770644664764,-0.022532589733600616,-0.018994703888893127
3,0.0,0.0,0.0,0.0,-0.01464042067527771,-0.004115156829357147,0.009973876178264618,-0.010170988738536835,0.045712970197200775,-0.004995778203010559
3,0.0,0.0,0.0,0.0,0.0,0.0,-0.0017129480838775635,-0.019629579037427902,0.03694313019514084,-0.03653598576784134
3,0.0,0.0,0.0,0.0,0.0,0.0,-0.002134755253791809,-0.0038488954305648804,0.044162899255752563,-0.04062899947166443
3,0.0,0.0,0.0,0.0,-0.006264284253120422,-0.004920139908790588,0.018379896879196167,-0.022458449006080627,0.047571226954460144,-0.042643800377845764
3,0.0,0.0,0.0,0.0,-0.0002726241946220398,0.007895566523075104,0.0318862721323967,-0.028237521648406982,0.044875167310237885,-0.02793879806995392
3,0.0,0.0,-0.015767298638820648,0.027869630604982376,-0.026327237486839294,0.03462269529700279,-0.01001274585723877,0.020061243325471878,0.02057628333568573,0.0071703121066093445
3,0.0,0.0,0.0,0.0,0.0019388645887374878,-0.010256621986627579,0.030730262398719788,-0.04243003949522972,0.04369160532951355,-0.04226670041680336
3,0.0,0.0,0.0,0.0,0.0,0.0,-0.005562320351600647,-0.004894047975540161,0.0025604665279388428,-0.009785100817680359
3,0.0,0.0,0.0,0.0,0.0022182390093803406,-0.008623883128166199,0.028229527175426483,-0.01537998765707016,0.043068334460258484,-0.026877373456954956
3,0.0,0.0,0.0,0.0,0.0,0.0,0.0,0.0,0.03054100275039673,-0.020353764295578003
3,0.0,0.0,0.0,0.0,0.0,0.0,-0.008198857307434082,-0.0025541484355926514,0.016169629991054535,-0.022694654762744904
3,0.0,0.0,0.0,0.0,0.0,0.0,-0.009907789528369904,0.02952619642019272,-0.008006177842617035,0.009991630911827087
3,0.0,0.0,0.0,0.0,0.0,0.0,-0.0014990493655204773,0.008178062736988068,0.013522468507289886,0.004425570368766785
3,0.0,0.0,0.0,0.0,0.0006150305271148682,0.0010961219668388367,0.00986432284116745,-0.013900279998779297,0.017583414912223816,-0.022309549152851105
3,0.0,0.0,0.0,0.0,-0.0010690167546272278,0.0003156512975692749,0.001215323805809021,0.005009770393371582,0.024064481258392334,0.008240081369876862
3,-0.005689531564712524,0.010081470012664795,-0.0058161914348602295,0.010187119245529175,0.004672728478908539,0.010546401143074036,0.017769016325473785,0.012015916407108307,0.021185293793678284,0.0016298070549964905
3,0.0,0.0,0.0,0.0,0.0,0.0,0.0,0.0,0.00044824928045272827,0.005085304379463196
3,0.0,0.0,0.0,0.0,-0.013849563896656036,0.011211015284061432,-0.010229796171188354,0.00123649463057518,0.0024802759289741516,-0.002974085509777069
3,0.0,0.0,0.0,0.0,-0.0005195066332817078,-0.0020898059010505676,0.005010083317756653,-0.019305288791656494,0.04259160906076431,-0.03244590014219284
3,0.0,0.0,0.0,0.0,0.009683728218078613,0.0037899985909461975,0.01855340600013733,0.004117589443922043,0.016066811978816986,0.011364743113517761
3,0.0,0.0,0.0,0.0,0.0035090073943138123,-0.012515831738710403,0.006493911147117615,-0.019105594605207443,0.011166125535964966,-0.00773359090089798
3,0.0,0.0,0.0,0.0,0.0007469430565834045,0.004293873906135559,0.0028337836265563965,0.0015602409839630127,0.01590939611196518,-0.0030806660652160645
3,0.0,0.0,0.0,0.0,0.0036602020263671875,-0.025067336857318878,0.005555957555770874,-0.010154660791158676,0.020131483674049377,-0.025784030556678772
3,0.0,0.0,0.0,0.0,0.0,0.0,0.008182033896446228,0.005987327545881271,0.01723194122314453,0.006084177643060684
3,0.0,0.0,0.0,0.0,0.006727010011672974,0.011857088655233383,0.02565554529428482,0.021851204335689545,0.026923321187496185,0.027101866900920868
3,0.0,0.0,-0.001787811517715454,-0.01763537898659706,0.001313723623752594,-0.023749258369207382,0.018282964825630188,0.007132317870855331,0.02075127512216568,0.015258483588695526
3,0.0,0.0,-0.006086491048336029,0.005551096051931381,0.002700522541999817,-0.011081229895353317,0.007408738136291504,0.006771143525838852,0.006917424499988556,0.008847501128911972
3,0.0,0.0,0.0,0.0,0.004206463694572449,-0.003278438001871109,0.006682530045509338,0.004849974066019058,0.0069709643721580505,0.03381418064236641
3,0.0,0.0,0.0,0.0,-0.007823780179023743,0.007219545543193817,-0.008067570626735687,-0.0022332221269607544,0.004011094570159912,-0.02136511355638504
3,0.0,0.0,0.0,0.0,0.0,0.0,0.008244693279266357,0.012126803398132324,0.022749699652194977,0.011406131088733673
3,0.0,0.0,0.0,0.0,-0.0052611976861953735,0.01688813790678978,0.008044257760047913,0.01827111840248108,0.017783090472221375,0.014467954635620117
3,0.0,0.0,0.0,0.0,0.0,0.0,0.0020845234394073486,0.01302587240934372,0.010938920080661774,0.026884932070970535
3,0.0,0.0,0.0,0.0,-0.008654087781906128,0.02356625720858574,-0.007960081100463867,0.050675272941589355,0.001248195767402649,0.03945835679769516
3,0.0,0.0,0.0,0.0,0.0,0.0,-0.004862874746322632,0.03849124535918236,0.011224888265132904,0.052543070167303085
3,0.0,0.0,0.0,0.0,-0.002651594579219818,0.03028416633605957,0.00579427182674408,0.03019736334681511,0.009609639644622803,0.03716312721371651
3,0.0,0.0,0.0,0.0,0.007569536566734314,0.006898157298564911,0.015247054398059845,0.013623949140310287,0.02295343577861786,0.004312407225370407
3,0.0,0.0,0.0,0.0,0.0,0.0,0.0,0.0,0.008894942700862885,0.010974109172821045
3,0.0,0.0,0.0,0.0,-0.014446571469306946,0.037886835634708405,-0.00956244021654129,0.05148206278681755,-0.024920552968978882,0.07660333812236786
3,0.0,0.0,0.0,0.0,0.0,0.0,0.007318094372749329,0.00164065882563591,0.025393567979335785,0.0071792080998420715
3,0.0,0.0,0.0,0.0,0.0,0.0,0.0,0.0,0.046114444732666016,0.03377189300954342
3,0.0,0.0,0.0,0.0,0.0,0.0,0.0014700442552566528,0.001676999032497406,0.029080979526042938,0.011360950767993927
4,-0.001101955771446228,0.01632928103208542,0.007055915892124176,0.04124785214662552,0.012538932263851166,0.09930837154388428,0.014976046979427338,0.10139920562505722,0.011142544448375702,0.05605322867631912
4,0.0,0.0,0.0,0.0,0.0,0.0,-0.00568997859954834,0.028302565217018127,-0.0005870908498764038,0.040013693273067474
4,0.0,0.0,0.0,0.0,-0.011638924479484558,0.016929790377616882,-0.010653086006641388,0.03450319170951843,-0.01381971687078476,0.09025828540325165
4,0.0,0.0,-0.0023250430822372437,-0.00816558301448822,-0.01037973165512085,0.021203890442848206,-0.014405161142349243,0.03326054662466049,-0.0215812548995018,0.08097892254590988
4,0.0,0.0,0.0,0.0,-0.000639602541923523,0.0075005292892456055,-0.015311412513256073,0.057779744267463684,-0.014052540063858032,0.07667911052703857
4,0.0,0.0,0.0,0.0,-0.006485842168331146,-0.005681805312633514,-0.01187942922115326,0.016178183257579803,-0.014789290726184845,0.05658432096242905
4,0.0,0.0,0.0,0.0,0.0,0.0,0.0,0.0,-0.00957418978214264,0.014222472906112671
4,0.0,0.0,0.0,0.0,-0.0006970763206481934,0.008075892925262451,-0.002335071563720703,0.02181784063577652,-0.011084556579589844,0.08034342527389526
4,0.0,0.0,0.0,0.0,-0.007161378860473633,0.019063711166381836,-0.01185760647058487,0.03633696585893631,-0.02980431169271469,0.0731193870306015
4,0.0,0.0,0.0,0.0,-0.001631423830986023,-0.01048627495765686,-0.011297382414340973,-0.0072897449135780334,-0.007144443690776825,0.044409558176994324
4,0.0,0.0,0.0,0.0,-0.00667167454957962,0.005248084664344788,-0.010824613273143768,0.006236530840396881,0.0003092363476753235,0.07351211458444595
4,0.0,0.0,0.0,0.0,-0.021385714411735535,0.007502764463424683,-0.007479272782802582,0.06383915990591049,-0.007173806428909302,0.08741479367017746
4,0.0,0.0,0.0,0.0,0.0,0.0,-0.023498184978961945,0.023286793380975723,-0.016568049788475037,0.08779079094529152
4,0.0,0.0,0.0,0.0,0.0,0.0,0.0,0.0,-0.012496553361415863,0.05794826149940491
4,0.0,0.0,0.0,0.0,-0.007669918239116669,0.017381690442562103,-0.019408583641052246,0.052913110703229904,-0.0310085266828537,0.09918824583292007
4,0.0,0.0,0.0,0.0,0.012396670877933502,0.02863488346338272,0.005066931247711182,0.08883646875619888,0.0028642192482948303,0.11506842821836472
4,0.0,0.0,0.0,0.0,0.0,0.0,0.0,0.0,-0.01976144313812256,0.034254223108291626
4,0.0,0.0,0.0,0.0,0.0,0.0,0.002339087426662445,-0.010709114372730255,-0.003240928053855896,0.04973261058330536
4,0.0,0.0,0.0,0.0,0.0,0.0,0.0,0.0,-0.00013799220323562622,0.006425961852073669
4,0.0,0.0,0.0,0.0,-0.004774525761604309,-0.006976433098316193,-0.015282846987247467,0.04926261305809021,-0.01782025396823883,0.0661853551864624
4,0.0,0.0,0.0,0.0,-0.005391538143157959,0.012858055531978607,-0.02791609615087509,0.042312853038311005,-0.02724442631006241,0.07225947082042694
4,0.0,0.0,0.0,0.0,-0.01491866260766983,0.015327706933021545,-0.018383614718914032,0.03595301881432533,-0.013002708554267883,0.08759031444787979
4,0.0,0.0,0.0,0.0,-0.008059374988079071,0.03265644237399101,-0.01904156804084778,0.05022243782877922,-0.015086650848388672,0.08898142725229263
4,0.0,0.0,0.0,0.0,0.0,0.0,0.0,0.0,-0.008069217205047607,0.020618505775928497
4,0.0,0.0,0.0,0.0,-0.00450095534324646,0.024768080562353134,-0.0005444884300231934,0.06487197801470757,-0.0017788857221603394,0.07969962805509567
4,0.0,0.0,0.0,0.0,-0.025887563824653625,0.01730034127831459,-0.016674131155014038,0.04299737513065338,-0.021202698349952698,0.07976240664720535
4,0.0,0.0,0.0,0.0,0.006432145833969116,-0.0050325579941272736,0.0035569965839385986,0.017464082688093185,0.0016876310110092163,0.024993576109409332
4,0.0,0.0,0.0,0.0,0.0,0.0,-0.007460862398147583,0.013632271438837051,-0.013068005442619324,0.03621453791856766
4,0.0,0.0,0.0,0.0,-0.0054534971714019775,0.006140083074569702,-0.012709155678749084,0.031012900173664093,-0.011357203125953674,0.05084122344851494
4,0.0,0.0,0.0,0.0,-0.01177208125591278,0.010422278195619583,-0.0315716415643692,0.02381094917654991,-0.041220247745513916,0.05492101609706879
4,0.0,0.0,-0.01344248652458191,0.0124078169465065,-0.03412190079689026,0.06285212188959122,-0.03741186857223511,0.05940260738134384,-0.037963852286338806,0.04044128954410553
4,0.0,0.0,0.0,0.0,-0.02453097701072693,0.01132752001285553,-0.02944207191467285,0.006880402565002441,-0.03913632035255432,0.02996918559074402
4,0.0,0.0,0.0,0.0,-0.01777300238609314,0.0007426552474498749,-0.02443857491016388,-0.0025584660470485687,-0.02612125873565674,0.02353520318865776
4,0.0,0.0,0.0,0.0,0.0,0.0,-0.006021171808242798,-0.005436018109321594,-0.026535198092460632,0.009670525789260864
4,0.0,0.0,0.0,0.0,0.0,0.0,-0.004423454403877258,0.010223053395748138,-0.019266068935394287,0.036748774349689484
4,0.0,0.0,-0.012328118085861206,-0.0013218522071838379,0.004434242844581604,0.009177595376968384,-0.0266055166721344,0.01856420189142227,-0.03346709907054901,0.04503648728132248
4,0.0,0.0,0.0,0.0,0.0,0.0,-0.013851732015609741,-0.002441905438899994,-0.014150738716125488,0.010480023920536041
4,0.0,0.0,0.0,0.0,0.0,0.0,-0.007875151932239532,-0.0003037303686141968,-0.02034895122051239,-0.014311268925666809
4,0.0,0.0,-0.006807535886764526,0.0005318783223628998,-0.02581442892551422,0.04895330220460892,-0.024683386087417603,0.07793024927377701,-0.02401786297559738,0.08233555778861046
4,0.0,0.0,0.0,0.0,-0.008363977074623108,0.014903292059898376,-0.021812237799167633,0.07041701301932335,-0.019390463829040527,0.0920732170343399
4,0.0,0.0,0.006599850952625275,-0.0017873235046863556,0.01332070678472519,0.023277491331100464,0.009543344378471375,0.04796013608574867,0.01987769454717636,0.07100722938776016
4,0.0,0.0,0.0,0.0,0.0,0.0,-0.004278175532817841,0.014159604907035828,-0.013922296464443207,0.0616631880402565
4,0.0,0.0,-0.00385235995054245,0.01778493821620941,-0.018417492508888245,0.02489064261317253,-0.013952329754829407,0.06478824466466904,-0.015367105603218079,0.07668635249137878
4,0.0,0.0,0.0,0.0,-0.030320368707180023,-0.001903429627418518,-0.03135089576244354,0.03834967315196991,-0.026647627353668213,0.06886403262615204
4,0.0,0.0,0.0,0.0,0.0,0.0,-0.0006927251815795898,0.07294844463467598,0.005069732666015625,0.08143215999007225
4,0.0,0.0,0.0,0.0,0.0,0.0,0.0,0.0,-0.012036889791488647,0.016361787915229797
4,0.0,0.0,0.0,0.0,-0.012214593589305878,-0.0023129917681217194,-0.018224291503429413,0.04939688369631767,-0.00048486143350601196,0.07637336477637291
4,0.0,0.0,0.0,0.0,0.0,0.0,-0.0023643597960472107,0.021176818758249283,0.007984772324562073,0.06979655474424362
4,0.0,0.0,0.0,0.0,-0.007903419435024261,0.026355650275945663,-0.005998820066452026,0.02912522852420807,0.001024678349494934,0.0816485621035099
4,0.0,0.0,0.0,0.0,-0.020746827125549316,0.012976463884115219,-0.03680466115474701,0.02531428262591362,-0.037305355072021484,0.0785612240433693
4,0.0,0.0,0.0,0.0,-0.008057653903961182,0.02959238737821579,-0.0028618425130844116,0.047646671533584595,0.00025166571140289307,0.07303719222545624
4,0.0,0.0,0.0,0.0,0.0,0.0,0.0,0.0,-0.009128868579864502,0.037588559091091156
4,0.0,0.0,0.0,0.0,0.0,0.0,0.0008249133825302124,0.022700026631355286,-0.006467700004577637,0.07342895865440369
4,0.0,0.0,0.0,0.0,-0.006511494517326355,0.024889979511499405,-0.00990903377532959,0.03703853860497475,-0.009856685996055603,0.06760741397738457
4,0.0,0.0,0.0,0.0,0.0,0.0,-0.006246030330657959,0.025178253650665283,-0.001746848225593567,0.05620191991329193
4,0.0,0.0,-0.005879655480384827,0.0435970202088356,-0.005471318960189819,0.050679437816143036,-0.00616098940372467,0.054216161370277405,-0.0037406980991363525,0.048159413039684296
4,0.0,0.0,0.0,0.0,0.0,0.0,-0.00831034779548645,0.016309186816215515,-0.007509022951126099,0.07716090232133865
4,0.0,0.0,0.0,0.0,-0.012390509247779846,0.011273343116044998,-0.018382415175437927,0.0416056364774704,-0.010578334331512451,0.10180525481700897
4,0.0,0.0,0.0,0.0,-0.005955129861831665,0.011853985488414764,-0.004659488797187805,0.03735510632395744,-0.011140450835227966,0.06487680599093437
4,0.0,0.0,0.0,0.0,-0.008162274956703186,0.0074170902371406555,-0.013176247477531433,0.013049937784671783,-0.01933981478214264,0.03351501747965813
4,0.0,0.0,0.0,0.0,-0.010715320706367493,0.00618092343211174,-0.015300266444683075,0.025865886360406876,-0.010782457888126373,0.08782084286212921
4,0.0,0.0,0.0,0.0,-0.007560029625892639,0.009808722883462906,0.0017423182725906372,0.041040316224098206,0.005780249834060669,0.09434664249420166
4,0.0,0.0,0.0,0.0,-0.0032179802656173706,0.0004007890820503235,-0.005796179175376892,0.017605163156986237,0.0002602711319923401,0.038913220167160034
4,0.0,0.0,0.0,0.0,0.0,0.0,0.007470220327377319,0.03196548670530319,0.01355212926864624,0.0831594206392765
4,0.0,0.0,0.0,0.0,0.0,0.0,-0.007528118789196014,0.023943014442920685,-0.0005038753151893616,0.07328041270375252
4,0.0,0.0,0.0,0.0,-0.00466524064540863,0.010609831660985947,-0.0023215487599372864,0.06720477342605591,0.004985600709915161,0.07574209570884705
4,0.0,0.0,0.0,0.0,-0.007318541407585144,0.024815961718559265,0.007770642638206482,0.06461338698863983,0.013971194624900818,0.10605495423078537
4,0.0,0.0,0.0,0.0,-0.011498026549816132,0.02332945168018341,-0.01596859097480774,0.03955797106027603,-0.03191682696342468,0.10359977930784225
4,0.0,0.0,0.0,0.0,0.0,0.0,-0.011316187679767609,0.007476493716239929,-0.028228409588336945,0.04843900352716446
4,0.0,0.0,0.0,0.0,0.0,0.0,-0.0030028820037841797,0.018537528812885284,-0.011297956109046936,0.06481829285621643
4,0.0,0.0,0.0,0.0,-0.008954957127571106,0.022820614278316498,-0.023932449519634247,0.06405024230480194,-0.0217103511095047,0.08294226229190826
4,0.0,0.0,0.0,0.0,-0.006223022937774658,0.024765603244304657,-0.013416469097137451,0.057094965130090714,-0.015511229634284973,0.12092693150043488
4,0.0,0.0,0.0,0.0,0.0,0.0,-0.019852042198181152,0.011784333735704422,-0.024023547768592834,0.05963251739740372
4,0.0,0.0,0.0,0.0,0.0,0.0,-0.01809312403202057,0.02348180115222931,-0.01676400750875473,0.09605441987514496
4,0.0,0.0,0.0,0.0,-0.00930795818567276,0.04332651197910309,-0.008446790277957916,0.06720947474241257,0.006699807941913605,0.04625780135393143
4,0.0,0.0,0.0,0.0,0.0,0.0,0.0,0.0,-0.009058408439159393,0.05718206614255905
4,0.0,0.0,0.0,0.0,-0.010643534362316132,-0.010450661182403564,-0.003874272108078003,0.009577706456184387,-0.011553950607776642,0.08212464302778244
4,0.0,0.0,-0.011542543768882751,-0.0028310343623161316,-0.014213941991329193,0.010827131569385529,-0.02720806747674942,0.053755275905132294,-0.029303401708602905,0.0888672024011612
4,0.0,0.0,0.0,0.0,-0.027075178921222687,-0.0009279102087020874,-0.03229362517595291,0.05996878445148468,-0.02673269808292389,0.07589759677648544
4,0.0,0.0,0.0,0.0,0.0,0.0,-0.010825477540493011,0.014577694237232208,-0.010574929416179657,0.04199644923210144
4,0.0,0.0,0.0,0.0,0.0,0.0,0.0,0.0,-0.012942254543304443,0.049840450286865234
4,0.0,0.0,0.0,0.0,0.0,0.0,0.0,0.0,-0.015133179724216461,0.02018781006336212
4,0.0,0.0,0.0,0.0,0.0,0.0,0.0,0.0,-0.012795820832252502,0.01932385563850403
4,0.0,0.0,-0.008769847452640533,0.010717358440160751,-0.015706539154052734,0.017847158014774323,-0.020260989665985107,0.040998391807079315,-0.018094733357429504,0.09071173518896103
4,0.0,0.0,0.0,0.0,0.0,0.0,0.0,0.0,-0.005968205630779266,0.014203567057847977
4,0.0,0.0,0.0,0.0,0.0,0.0,0.00048439204692840576,0.00920753926038742,0.00523936003446579,0.04627338796854019
4,0.0,0.0,0.0,0.0,0.0,0.0,0.0,0.0,-0.005429081618785858,0.018157608807086945
4,0.0,0.0,0.0,0.0,-0.025832943618297577,-0.0035110749304294586,-0.01773565262556076,0.041305504739284515,-0.01094820350408554,0.09112071245908737
4,0.0,0.0,0.0,0.0,-0.003799639642238617,0.010947071015834808,0.0044035837054252625,0.02855014055967331,0.006670758128166199,0.07023194432258606
4,0.0,0.0,0.0,0.0,-0.0233609676361084,0.00874359905719757,-0.026711851358413696,0.015392161905765533,-0.017033353447914124,0.06481006741523743
4,0.0,0.0,0.0,0.0,0.0,0.0,-0.009356580674648285,-0.009662076830863953,-0.005225032567977905,0.03960896283388138
4,0.0,0.0,0.0,0.0,0.0,0.0,-0.0016829818487167358,0.013039160519838333,-0.009322896599769592,0.05647217482328415
4,0.0,0.0,0.0,0.0,0.0,0.0,0.0,0.0,0.00038295984268188477,0.01148407906293869
4,0.0,0.0,0.0,0.0,0.0,0.0,-0.0028322190046310425,0.019108101725578308,-0.007471777498722076,0.0808749869465828
4,0.0,0.0,0.0,0.0,0.0022174790501594543,0.03153923898935318,0.00142737478017807,0.08800563961267471,0.009820982813835144,0.0965263843536377
4,0.0,0.0,0.0,0.0,0.0,0.0,0.0,0.0,0.0020062625408172607,0.029546156525611877
4,0.0,0.0,0.0,0.0,-0.008223108947277069,0.01267842948436737,-0.012453220784664154,0.04869714379310608,-0.01577991247177124,0.06806149333715439
4,0.0,0.0,0.0,0.0,0.0,0.0,-0.03332388401031494,-0.007190324366092682,-0.047078222036361694,0.028964251279830933
4,0.0,0.0,0.0,0.0,-0.006072811782360077,0.009101293981075287,-0.019655965268611908,0.05692350119352341,-0.023326106369495392,0.06238352507352829
4,0.0,0.0,0.0,0.0,-0.020903348922729492,-0.015376165509223938,-0.0444902703166008,-0.010533556342124939,-0.0335906520485878,0.06178821623325348
